,design,n,mpnn,plddt,ptm,pae,rmsd,seq
0,0,0,1.125409213604625,0.7764803618192673,0.6467156410217285,7.380950555205345,15.032889366149902,LGLDCDEHSSESRCCRYPLTVDFEAFGWDWIIAPKRYKANYCSGQCEYMFMQKYPHTHLVQQANPRGSAGPCCTPTKMSPINMLYFNDKQQIIYGKIPGMVVDRCGCS/TRECIYYNANWELERTNQSGLERCEGEQDKRLHCYVLAKIINGKTEILYRGCVEYNDECYDRQECVSTEKDSKYLFCCCEGNFCNERFTHLPEPG
1,0,1,1.1804393197718002,0.683528333902359,0.45528510212898254,8.16642513871193,7.9024763107299805,LGLDCDEHSSESRCCRYPLTVDFEAFGWDWIIAPKRYKANYCSGQCEYMFMQKYPHTHLVQQANPRGSAGPCCTPTKMSPINMLYFNDKQQIIYGKIPGMVVDRCGCS/TRECIYYNANWELERTNQSGLERCEGEQDKRLHCFRAYKIINGKPVVVYSGCVEYNDECYDRQECVSTEKNARIKFCCCEGNFCNERFTHLPEPG
2,1,0,1.1049579525513138,0.7161156535148621,0.46213728189468384,7.492935389280319,3.876279830932617,LGLDCDEHSSESRCCRYPLTVDFEAFGWDWIIAPKRYKANYCSGQCEYMFMQKYPHTHLVQQANPRGSAGPCCTPTKMSPINMLYFNDKQQIIYGKIPGMVVDRCGCS/TRECIYYNANWELERTNQSGLERCEGEQDKRLHCMVLAKLENGEWKVLYRHCTGDNEECYDRQECVFTESGSPYKYCCCEGNFCNERFTHLPEPG
3,1,1,1.1007979237249963,0.7124636173248291,0.46547091007232666,7.4453499764204025,3.637305974960327,LGLDCDEHSSESRCCRYPLTVDFEAFGWDWIIAPKRYKANYCSGQCEYMFMQKYPHTHLVQQANPRGSAGPCCTPTKMSPINMLYFNDKQQIIYGKIPGMVVDRCGCS/TRECIYYNANWELERTNQSGLERCEGEQDKRLHCSVLAKLENGKWEILYRHCTGDNEECYDRQECVSRSSGSPYQYCCCEGNFCNERFTHLPEPG
4,2,0,1.0521717537386888,0.6889912188053131,0.47705405950546265,7.810475736856461,13.09013557434082,LGLDCDEHSSESRCCRYPLTVDFEAFGWDWIIAPKRYKANYCSGQCEYMFMQKYPHTHLVQQANPRGSAGPCCTPTKMSPINMLYFNDKQQIIYGKIPGMVVDRCGCS/TRECIYYNANWELERTNQSGLERCEGEQDKRLHCYRAWKRENGKDTIVYSGCTEDNDECYDRQECVSTQKGAKILSCCCEGNFCNERFTHLPEPG
5,2,1,1.0723898626777755,0.6834389865398407,0.4402316212654114,8.124364018440247,15.550545692443848,LGLDCDEHSSESRCCRYPLTVDFEAFGWDWIIAPKRYKANYCSGQCEYMFMQKYPHTHLVQQANPRGSAGPCCTPTKMSPINMLYFNDKQQIIYGKIPGMVVDRCGCS/TRECIYYNANWELERTNQSGLERCEGEQDKRLHCYAAYKLENGKKTVILRGCTTDNDECYDRQECVSTEKGAKILSCCCEGNFCNERFTHLPEPG
6,3,0,1.1038047909119766,0.68873730301857,0.4706604480743408,8.320830941200256,13.664820671081543,LGLDCDEHSSESRCCRYPLTVDFEAFGWDWIIAPKRYKANYCSGQCEYMFMQKYPHTHLVQQANPRGSAGPCCTPTKMSPINMLYFNDKQQIIYGKIPGMVVDRCGCS/TRECIYYNANWELERTNQSGLERCEGEQDKRLHCTVLAKVENGKLIRVYSGCTEDLDECYDRQECVATEKGAKYLSCCCEGNFCNERFTHLPEPG
7,3,1,1.1340582650106383,0.7472487390041351,0.5804713368415833,7.689898431301117,2.31634521484375,LGLDCDEHSSESRCCRYPLTVDFEAFGWDWIIAPKRYKANYCSGQCEYMFMQKYPHTHLVQQANPRGSAGPCCTPTKMSPINMLYFNDKQQIIYGKIPGMVVDRCGCS/TRECIYYNANWELERTNQSGLERCEGEQDKRLHCSVLYKIENGELKVVYRGCTEDLDECYDRQECVGTDRNAPYIFCCCEGNFCNERFTHLPEPG
8,4,0,1.081308757677826,0.7028802931308746,0.45592883229255676,7.525090754032135,14.59078598022461,LGLDCDEHSSESRCCRYPLTVDFEAFGWDWIIAPKRYKANYCSGQCEYMFMQKYPHTHLVQQANPRGSAGPCCTPTKMSPINMLYFNDKQQIIYGKIPGMVVDRCGCS/TRECIYYNANWELERTNQSGLERCEGEQDKRLHCGVLVKYENGEWTVLYSGCVGDNEECYDRQECVATESGKEYQYCCCEGNFCNERFTHLPEPG
9,4,1,1.0795384515188784,0.6801818609237671,0.46126043796539307,8.052682638168335,8.52849006652832,LGLDCDEHSSESRCCRYPLTVDFEAFGWDWIIAPKRYKANYCSGQCEYMFMQKYPHTHLVQQANPRGSAGPCCTPTKMSPINMLYFNDKQQIIYGKIPGMVVDRCGCS/TRECIYYNANWELERTNQSGLERCEGEQDKRLHCGVLVEYSNGQWTILYSGCTTENDECYDRQECVSTEKGKKYSYCCCEGNFCNERFTHLPEPG
10,5,0,1.1113051010642927,0.713774710893631,0.4606202244758606,7.649241134524345,5.407766819000244,LGLDCDEHSSESRCCRYPLTVDFEAFGWDWIIAPKRYKANYCSGQCEYMFMQKYPHTHLVQQANPRGSAGPCCTPTKMSPINMLYFNDKQQIIYGKIPGMVVDRCGCS/TRECIYYNANWELERTNQSGLERCEGEQDKRLHCFRAYRIVNGKKEILYSGCVENEDSCYDRQECVDRRKNPEIHYCCCEGNFCNERFTHLPEPG
11,5,1,1.0766615897318303,0.7032804489135742,0.48331278562545776,7.9832518100738525,3.678943395614624,LGLDCDEHSSESRCCRYPLTVDFEAFGWDWIIAPKRYKANYCSGQCEYMFMQKYPHTHLVQQANPRGSAGPCCTPTKMSPINMLYFNDKQQIIYGKIPGMVVDRCGCS/TRECIYYNANWELERTNQSGLERCEGEQDKRLHCFRAYRIENGKVHILYSGCVENEDECYDRQECVDTRKNPEIHYCCCEGNFCNERFTHLPEPG
12,6,0,1.108025857305008,0.6998304128646851,0.46700042486190796,7.810727030038834,10.357316970825195,LGLDCDEHSSESRCCRYPLTVDFEAFGWDWIIAPKRYKANYCSGQCEYMFMQKYPHTHLVQQANPRGSAGPCCTPTKMSPINMLYFNDKQQIIYGKIPGMVVDRCGCS/TRECIYYNANWELERTNQSGLERCEGEQDKRLHCLRLVKLENGKWTLLYSGCTTDNEECYDRQECVFTEKGSKYLSCCCEGNFCNERFTHLPEPG
13,6,1,1.058499878070658,0.7185090184211731,0.5016530752182007,7.677123591303825,9.809490203857422,LGLDCDEHSSESRCCRYPLTVDFEAFGWDWIIAPKRYKANYCSGQCEYMFMQKYPHTHLVQQANPRGSAGPCCTPTKMSPINMLYFNDKQQIIYGKIPGMVVDRCGCS/TRECIYYNANWELERTNQSGLERCEGEQDKRLHCAVAAKFENGKWTLLYSGCTGDNDECYDRQECVATEKGSKYQYCCCEGNFCNERFTHLPEPG
14,7,0,1.1654635221720928,0.7776186764240265,0.6497867703437805,7.250122889876366,2.1323001384735107,LGLDCDEHSSESRCCRYPLTVDFEAFGWDWIIAPKRYKANYCSGQCEYMFMQKYPHTHLVQQANPRGSAGPCCTPTKMSPINMLYFNDKQQIIYGKIPGMVVDRCGCS/TRECIYYNANWELERTNQSGLERCEGEQDKRLHCARAARLKNGKEEVLYSFCVEDNDECYDRQECVSTEKGSEILYCCCEGNFCNERFTHLPEPG
15,7,1,1.1042127726529343,0.7565893530845642,0.6187225580215454,7.562811985611916,2.2426793575286865,LGLDCDEHSSESRCCRYPLTVDFEAFGWDWIIAPKRYKANYCSGQCEYMFMQKYPHTHLVQQANPRGSAGPCCTPTKMSPINMLYFNDKQQIIYGKIPGMVVDRCGCS/TRECIYYNANWELERTNQSGLERCEGEQDKRLHCAAAWKLENGKVTWLYRFCVEDNDECYDRQECVSTSKGSKIHYCCCEGNFCNERFTHLPEPG
16,8,0,1.072288179126031,0.7314554154872894,0.5337884426116943,7.544859305024147,13.447271347045898,LGLDCDEHSSESRCCRYPLTVDFEAFGWDWIIAPKRYKANYCSGQCEYMFMQKYPHTHLVQQANPRGSAGPCCTPTKMSPINMLYFNDKQQIIYGKIPGMVVDRCGCS/TRECIYYNANWELERTNQSGLERCEGEQDKRLHCYVAFKYENGKSTLLTKGCTTDNDECYDRQECVATSKGAKYNFCCCEGNFCNERFTHLPEPG
17,8,1,1.0824533651741015,0.679462194442749,0.4910406470298767,7.930097758769989,11.148855209350586,LGLDCDEHSSESRCCRYPLTVDFEAFGWDWIIAPKRYKANYCSGQCEYMFMQKYPHTHLVQQANPRGSAGPCCTPTKMSPINMLYFNDKQQIIYGKIPGMVVDRCGCS/TRECIYYNANWELERTNQSGLERCEGEQDKRLHCMVVAKYENGKTTLLYRGCTLDNDECYDRQECVFTSKGAKYLACCCEGNFCNERFTHLPEPG
18,9,0,1.1008654283956665,0.7110926806926727,0.46356597542762756,7.525420576334,5.427508354187012,LGLDCDEHSSESRCCRYPLTVDFEAFGWDWIIAPKRYKANYCSGQCEYMFMQKYPHTHLVQQANPRGSAGPCCTPTKMSPINMLYFNDKQQIIYGKIPGMVVDRCGCS/TRECIYYNANWELERTNQSGLERCEGEQDKRLHCGVLVELENGEWKILYRGCTTDIEECYDRQECVATSKGRKYQFCCCEGNFCNERFTHLPEPG
19,9,1,1.2019194674375326,0.7163526713848114,0.5384255647659302,7.852557182312012,2.09885311126709,LGLDCDEHSSESRCCRYPLTVDFEAFGWDWIIAPKRYKANYCSGQCEYMFMQKYPHTHLVQQANPRGSAGPCCTPTKMSPINMLYFNDKQQIIYGKIPGMVVDRCGCS/TRECIYYNANWELERTNQSGLERCEGEQDKRLHCFRLVKLSNGQWELLYSGCTTDNEECYDRQECVATSKGREYRACCCEGNFCNERFTHLPEPG
20,10,0,1.0936825940565336,0.6873881816864014,0.4579120874404907,7.96302455663681,6.747541427612305,LGLDCDEHSSESRCCRYPLTVDFEAFGWDWIIAPKRYKANYCSGQCEYMFMQKYPHTHLVQQANPRGSAGPCCTPTKMSPINMLYFNDKQQIIYGKIPGMVVDRCGCS/TRECIYYNANWELERTNQSGLERCEGEQDKRLHCYRAFKIENGKTTIITSGCVEENDECYDRQECVSTEKPREILFCCCEGNFCNERFTHLPEPG
21,10,1,1.1034936717588488,0.686205267906189,0.44550618529319763,8.123830944299698,4.388308048248291,LGLDCDEHSSESRCCRYPLTVDFEAFGWDWIIAPKRYKANYCSGQCEYMFMQKYPHTHLVQQANPRGSAGPCCTPTKMSPINMLYFNDKQQIIYGKIPGMVVDRCGCS/TRECIYYNANWELERTNQSGLERCEGEQDKRLHCYRAFKIENGKVTLVTSGCVEENDECYDRQECVSTEKPKPIHFCCCEGNFCNERFTHLPEPG
22,11,0,1.0930651190817604,0.7615232616662979,0.615847647190094,7.539637580513954,2.3413820266723633,LGLDCDEHSSESRCCRYPLTVDFEAFGWDWIIAPKRYKANYCSGQCEYMFMQKYPHTHLVQQANPRGSAGPCCTPTKMSPINMLYFNDKQQIIYGKIPGMVVDRCGCS/TRECIYYNANWELERTNQSGLERCEGEQDKRLHCSVAYEIKNGKTTILYRGCTTDDDSCYDRQECVSTEKGAKVKYCCCEGNFCNERFTHLPEPG
23,11,1,1.1275124005286743,0.6953043937683105,0.48156052827835083,8.169970959424973,9.003569602966309,LGLDCDEHSSESRCCRYPLTVDFEAFGWDWIIAPKRYKANYCSGQCEYMFMQKYPHTHLVQQANPRGSAGPCCTPTKMSPINMLYFNDKQQIIYGKIPGMVVDRCGCS/TRECIYYNANWELERTNQSGLERCEGEQDKRLHCVRAAKIENGKVTILYSGCTTENDDCYDRQECVATEKGAEVLSCCCEGNFCNERFTHLPEPG
24,12,0,1.0662970627425437,0.6843555569648743,0.48023858666419983,7.87654921412468,10.472000122070312,LGLDCDEHSSESRCCRYPLTVDFEAFGWDWIIAPKRYKANYCSGQCEYMFMQKYPHTHLVQQANPRGSAGPCCTPTKMSPINMLYFNDKQQIIYGKIPGMVVDRCGCS/TRECIYYNANWELERTNQSGLERCEGEQDKRLHCLVAAKIENGKTTVLYRGCTLETDECYDRQECVATEKGAPIISCCCEGNFCNERFTHLPEPG
25,12,1,1.0824124724433726,0.6787307262420654,0.48025310039520264,8.15801328420639,11.303434371948242,LGLDCDEHSSESRCCRYPLTVDFEAFGWDWIIAPKRYKANYCSGQCEYMFMQKYPHTHLVQQANPRGSAGPCCTPTKMSPINMLYFNDKQQIIYGKIPGMVVDRCGCS/TRECIYYNANWELERTNQSGLERCEGEQDKRLHCMVAYKIENGKTTILYSGCTLENDECYDRQECVSTEKGAKIKSCCCEGNFCNERFTHLPEPG
26,13,0,1.1431692587684323,0.6879250705242157,0.4429504871368408,7.818757325410843,13.6129732131958,LGLDCDEHSSESRCCRYPLTVDFEAFGWDWIIAPKRYKANYCSGQCEYMFMQKYPHTHLVQQANPRGSAGPCCTPTKMSPINMLYFNDKQQIIYGKIPGMVVDRCGCS/TRECIYYNANWELERTNQSGLERCEGEQDKRLHCVVLAKLENGKKIILYSGCTTDLDECYDRQECVATEKGAKILSCCCEGNFCNERFTHLPEPG
27,13,1,1.1083209800615987,0.7368378341197968,0.5684532523155212,7.753392457962036,2.2166757583618164,LGLDCDEHSSESRCCRYPLTVDFEAFGWDWIIAPKRYKANYCSGQCEYMFMQKYPHTHLVQQANPRGSAGPCCTPTKMSPINMLYFNDKQQIIYGKIPGMVVDRCGCS/TRECIYYNANWELERTNQSGLERCEGEQDKRLHCFAAAKLENGKIIWLYRGCTTDLDECYDRQECVATAKGDEILFCCCEGNFCNERFTHLPEPG
28,14,0,1.0579165502024241,0.6743727624416351,0.49381041526794434,7.988560378551483,14.05197811126709,LGLDCDEHSSESRCCRYPLTVDFEAFGWDWIIAPKRYKANYCSGQCEYMFMQKYPHTHLVQQANPRGSAGPCCTPTKMSPINMLYFNDKQQIIYGKIPGMVVDRCGCS/TRECIYYNANWELERTNQSGLERCEGEQDKRLHCFALYRIENGKTTWLYRGCTTDNDECYDRQECVSTEKGAEYHFCCCEGNFCNERFTHLPEPG
29,14,1,1.089575231193093,0.6839092373847961,0.4739811420440674,8.380261778831482,9.44644546508789,LGLDCDEHSSESRCCRYPLTVDFEAFGWDWIIAPKRYKANYCSGQCEYMFMQKYPHTHLVQQANPRGSAGPCCTPTKMSPINMLYFNDKQQIIYGKIPGMVVDRCGCS/TRECIYYNANWELERTNQSGLERCEGEQDKRLHCYRAYRIENGEDIVLTQGCTTDNDECYDRQECVSTEKGAEIHFCCCEGNFCNERFTHLPEPG
30,15,0,1.1584098587678655,0.7048307657241821,0.46307557821273804,7.788695454597473,9.417340278625488,LGLDCDEHSSESRCCRYPLTVDFEAFGWDWIIAPKRYKANYCSGQCEYMFMQKYPHTHLVQQANPRGSAGPCCTPTKMSPINMLYFNDKQQIIYGKIPGMVVDRCGCS/TRECIYYNANWELERTNQSGLERCEGEQDKRLHCLVVAEYKDGKWTVLYRGCTEDIDECYDRQECVATEKGKEIQSCCCEGNFCNERFTHLPEPG
31,15,1,1.130931175693451,0.6936275660991669,0.4568380117416382,7.771723926067352,8.610763549804688,LGLDCDEHSSESRCCRYPLTVDFEAFGWDWIIAPKRYKANYCSGQCEYMFMQKYPHTHLVQQANPRGSAGPCCTPTKMSPINMLYFNDKQQIIYGKIPGMVVDRCGCS/TRECIYYNANWELERTNQSGLERCEGEQDKRLHCSVLARYENGVWTVLYRGCTEDNDECYDRQECVATEKGRTYQYCCCEGNFCNERFTHLPEPG
32,16,0,1.170630862482507,0.6834545731544495,0.46750980615615845,7.880613327026367,12.004572868347168,LGLDCDEHSSESRCCRYPLTVDFEAFGWDWIIAPKRYKANYCSGQCEYMFMQKYPHTHLVQQANPRGSAGPCCTPTKMSPINMLYFNDKQQIIYGKIPGMVVDRCGCS/TRECIYYNANWELERTNQSGLERCEGEQDKRLHCMVAYKIVNGVPQIVYSGCTTDNEECYDRQECVSTEKGSRIYSCCCEGNFCNERFTHLPEPG
33,16,1,1.176002438108184,0.7071064710617065,0.44087252020835876,7.892204225063324,13.660013198852539,LGLDCDEHSSESRCCRYPLTVDFEAFGWDWIIAPKRYKANYCSGQCEYMFMQKYPHTHLVQQANPRGSAGPCCTPTKMSPINMLYFNDKQQIIYGKIPGMVVDRCGCS/TRECIYYNANWELERTNQSGLERCEGEQDKRLHCRVAYKLINGKPVIVYSGCTEDNEECYDRQECVSTEKGRKIYSCCCEGNFCNERFTHLPEPG
34,17,0,1.217390924772367,0.6867403984069824,0.4385862350463867,7.870204985141754,8.96142578125,LGLDCDEHSSESRCCRYPLTVDFEAFGWDWIIAPKRYKANYCSGQCEYMFMQKYPHTHLVQQANPRGSAGPCCTPTKMSPINMLYFNDKQQIIYGKIPGMVVDRCGCS/TRECIYYNANWELERTNQSGLERCEGEQDKRLHCIRSAKYEPGKVTILYSGCTLDNDECYDRQECVDTSKGATYGSCCCEGNFCNERFTHLPEPG
35,17,1,1.2268311467576936,0.6629484593868256,0.4501994848251343,8.12828215956688,10.222987174987793,LGLDCDEHSSESRCCRYPLTVDFEAFGWDWIIAPKRYKANYCSGQCEYMFMQKYPHTHLVQQANPRGSAGPCCTPTKMSPINMLYFNDKQQIIYGKIPGMVVDRCGCS/TRECIYYNANWELERTNQSGLERCEGEQDKRLHCIRSAEYLPGKTKILYSGCTTDNDECYDRQECVSTDKGAKYSSCCCEGNFCNERFTHLPEPG
36,18,0,1.0806853171984783,0.7555890828371048,0.5947904586791992,7.495459407567978,2.01383113861084,LGLDCDEHSSESRCCRYPLTVDFEAFGWDWIIAPKRYKANYCSGQCEYMFMQKYPHTHLVQQANPRGSAGPCCTPTKMSPINMLYFNDKQQIIYGKIPGMVVDRCGCS/TRECIYYNANWELERTNQSGLERCEGEQDKRLHCSVAYKIENGKKIILYRGCTTDNDECYDRQECVSREKGAEIHYCCCEGNFCNERFTHLPEPG
37,18,1,1.0609904605623472,0.6911019384860992,0.47849494218826294,7.903964191675186,11.883511543273926,LGLDCDEHSSESRCCRYPLTVDFEAFGWDWIIAPKRYKANYCSGQCEYMFMQKYPHTHLVQQANPRGSAGPCCTPTKMSPINMLYFNDKQQIIYGKIPGMVVDRCGCS/TRECIYYNANWELERTNQSGLERCEGEQDKRLHCYRAYKIENGVTHILYSGCTTDNDECYDRQECVSREKGADIYYCCCEGNFCNERFTHLPEPG
38,19,0,1.053447129881138,0.7787304669618607,0.659469723701477,7.429508805274963,14.979376792907715,LGLDCDEHSSESRCCRYPLTVDFEAFGWDWIIAPKRYKANYCSGQCEYMFMQKYPHTHLVQQANPRGSAGPCCTPTKMSPINMLYFNDKQQIIYGKIPGMVVDRCGCS/TRECIYYNANWELERTNQSGLERCEGEQDKRLHCVRAYKVENGVTTILYSGCATNLDECYDRQECVSTRPNSAIHTCCCEGNFCNERFTHLPEPG
39,19,1,1.0198940026915952,0.6995690762996674,0.4764305651187897,7.959360480308533,9.71397876739502,LGLDCDEHSSESRCCRYPLTVDFEAFGWDWIIAPKRYKANYCSGQCEYMFMQKYPHTHLVQQANPRGSAGPCCTPTKMSPINMLYFNDKQQIIYGKIPGMVVDRCGCS/TRECIYYNANWELERTNQSGLERCEGEQDKRLHCIRAYKIENGKTTILYSGCATNLDECYDRQECVSTDPNSEIHTCCCEGNFCNERFTHLPEPG
40,20,0,1.1187747669786228,0.7584650069475174,0.618378221988678,7.693588376045227,15.484617233276367,LGLDCDEHSSESRCCRYPLTVDFEAFGWDWIIAPKRYKANYCSGQCEYMFMQKYPHTHLVQQANPRGSAGPCCTPTKMSPINMLYFNDKQQIIYGKIPGMVVDRCGCS/TRECIYYNANWELERTNQSGLERCEGEQDKRLHCIRAAEKVNGVWKVVYSGCTTDNDECYDRQECVATEKGSKIKVCCCEGNFCNERFTHLPEPG
41,20,1,1.1284451021178301,0.7100748121738434,0.5002306699752808,7.932248532772064,2.7488439083099365,LGLDCDEHSSESRCCRYPLTVDFEAFGWDWIIAPKRYKANYCSGQCEYMFMQKYPHTHLVQQANPRGSAGPCCTPTKMSPINMLYFNDKQQIIYGKIPGMVVDRCGCS/TRECIYYNANWELERTNQSGLERCEGEQDKRLHCILVAEEKNGKWEVVYSGCTTDLDECYDRQECVATEKGSKYKACCCEGNFCNERFTHLPEPG
42,21,0,1.1031844178804866,0.6772416234016418,0.4370943307876587,8.122708439826965,4.520595073699951,LGLDCDEHSSESRCCRYPLTVDFEAFGWDWIIAPKRYKANYCSGQCEYMFMQKYPHTHLVQQANPRGSAGPCCTPTKMSPINMLYFNDKQQIIYGKIPGMVVDRCGCS/TRECIYYNANWELERTNQSGLERCEGEQDKRLHCYVLAKLENGVWTVLYRGCTGENDECYDRQECVFTEKNAKIQSCCCEGNFCNERFTHLPEPG
43,21,1,1.0663963973891881,0.6702454388141632,0.4291945695877075,8.233229398727417,13.038826942443848,LGLDCDEHSSESRCCRYPLTVDFEAFGWDWIIAPKRYKANYCSGQCEYMFMQKYPHTHLVQQANPRGSAGPCCTPTKMSPINMLYFNDKQQIIYGKIPGMVVDRCGCS/TRECIYYNANWELERTNQSGLERCEGEQDKRLHCYVLAKTENGVTTILYSGCTLENEECYDRQECVFTEKNAKYQSCCCEGNFCNERFTHLPEPG
44,22,0,1.0281047815829736,0.6962895691394806,0.45185351371765137,7.887357592582703,4.16307258605957,LGLDCDEHSSESRCCRYPLTVDFEAFGWDWIIAPKRYKANYCSGQCEYMFMQKYPHTHLVQQANPRGSAGPCCTPTKMSPINMLYFNDKQQIIYGKIPGMVVDRCGCS/TRECIYYNANWELERTNQSGLERCEGEQDKRLHCYVLYRYENGKKTILMSGCTTDIDECYDRQECVSTSKGSPIQYCCCEGNFCNERFTHLPEPG
45,22,1,1.0826315618058593,0.716620534658432,0.49393075704574585,7.474550798535347,14.30115795135498,LGLDCDEHSSESRCCRYPLTVDFEAFGWDWIIAPKRYKANYCSGQCEYMFMQKYPHTHLVQQANPRGSAGPCCTPTKMSPINMLYFNDKQQIIYGKIPGMVVDRCGCS/TRECIYYNANWELERTNQSGLERCEGEQDKRLHCFVAFKYENGKKTVLLSGCTTDIDECYDRQECVSTEKGSKIQYCCCEGNFCNERFTHLPEPG
46,23,0,1.0403378388030744,0.7257803082466125,0.4735848307609558,7.345642477273941,8.386301040649414,LGLDCDEHSSESRCCRYPLTVDFEAFGWDWIIAPKRYKANYCSGQCEYMFMQKYPHTHLVQQANPRGSAGPCCTPTKMSPINMLYFNDKQQIIYGKIPGMVVDRCGCS/TRECIYYNANWELERTNQSGLERCEGEQDKRLHCGVAAKIENGKTTILYRGCIEDNDECYDRQECVATEKGAKILYCCCEGNFCNERFTHLPEPG
47,23,1,1.037146349954247,0.7423544228076935,0.5743768215179443,7.713617458939552,2.2446212768554688,LGLDCDEHSSESRCCRYPLTVDFEAFGWDWIIAPKRYKANYCSGQCEYMFMQKYPHTHLVQQANPRGSAGPCCTPTKMSPINMLYFNDKQQIIYGKIPGMVVDRCGCS/TRECIYYNANWELERTNQSGLERCEGEQDKRLHCSVAYKIENGKTTILYRGCTTDNDECYDRQECVSTDKNAPIHYCCCEGNFCNERFTHLPEPG
48,24,0,1.2152539257987707,0.6700921356678009,0.4333774447441101,8.02979001402855,13.722447395324707,LGLDCDEHSSESRCCRYPLTVDFEAFGWDWIIAPKRYKANYCSGQCEYMFMQKYPHTHLVQQANPRGSAGPCCTPTKMSPINMLYFNDKQQIIYGKIPGMVVDRCGCS/TRECIYYNANWELERTNQSGLERCEGEQDKRLHCYVSALIENGKVTVLYRGCTTDNLECYDRQECVSTRKGDKYQSCCCEGNFCNERFTHLPEPG
49,24,1,1.2177570197874907,0.664669930934906,0.483675479888916,8.517325580120087,8.102126121520996,LGLDCDEHSSESRCCRYPLTVDFEAFGWDWIIAPKRYKANYCSGQCEYMFMQKYPHTHLVQQANPRGSAGPCCTPTKMSPINMLYFNDKQQIIYGKIPGMVVDRCGCS/TRECIYYNANWELERTNQSGLERCEGEQDKRLHCVVAYKEENGKTTILYTGCTYDTDECYDRQECVSTESGKTYKYCCCEGNFCNERFTHLPEPG
50,25,0,1.0980547143970816,0.7067694365978241,0.47974473237991333,7.986475199460983,15.65074348449707,LGLDCDEHSSESRCCRYPLTVDFEAFGWDWIIAPKRYKANYCSGQCEYMFMQKYPHTHLVQQANPRGSAGPCCTPTKMSPINMLYFNDKQQIIYGKIPGMVVDRCGCS/TRECIYYNANWELERTNQSGLERCEGEQDKRLHCARAWKEENGVSTLLYSGCIGDNDECYDRQECVSTESGAKIKYCCCEGNFCNERFTHLPEPG
51,25,1,1.0359221012297817,0.7368108034133911,0.5765039324760437,7.825181931257248,14.884398460388184,LGLDCDEHSSESRCCRYPLTVDFEAFGWDWIIAPKRYKANYCSGQCEYMFMQKYPHTHLVQQANPRGSAGPCCTPTKMSPINMLYFNDKQQIIYGKIPGMVVDRCGCS/TRECIYYNANWELERTNQSGLERCEGEQDKRLHCLRAAKLENGKTTLLYSGCTGETDECYDRQECVATRAGAKVLACCCEGNFCNERFTHLPEPG
52,26,0,1.061049956735417,0.7198567390441895,0.48265373706817627,7.560444563627243,3.7160708904266357,LGLDCDEHSSESRCCRYPLTVDFEAFGWDWIIAPKRYKANYCSGQCEYMFMQKYPHTHLVQQANPRGSAGPCCTPTKMSPINMLYFNDKQQIIYGKIPGMVVDRCGCS/TRECIYYNANWELERTNQSGLERCEGEQDKRLHCLAAYKLENGKKTVLYRGCTGELDECYDRQECVSTEKGAKIYSCCCEGNFCNERFTHLPEPG
53,26,1,1.1119711838460007,0.6970076858997345,0.46296846866607666,7.749069198966026,13.095602035522461,LGLDCDEHSSESRCCRYPLTVDFEAFGWDWIIAPKRYKANYCSGQCEYMFMQKYPHTHLVQQANPRGSAGPCCTPTKMSPINMLYFNDKQQIIYGKIPGMVVDRCGCS/TRECIYYNANWELERTNQSGLERCEGEQDKRLHCMAAAKLINGEWEILYRGCTGDNDECYDRQECVSTEKNPKIYSCCCEGNFCNERFTHLPEPG
54,27,0,1.2337561055457067,0.7065459191799164,0.4799703061580658,7.535311549901962,10.083571434020996,LGLDCDEHSSESRCCRYPLTVDFEAFGWDWIIAPKRYKANYCSGQCEYMFMQKYPHTHLVQQANPRGSAGPCCTPTKMSPINMLYFNDKQQIIYGKIPGMVVDRCGCS/TRECIYYNANWELERTNQSGLERCEGEQDKRLHCFVLVKYENGKFTVLYSGCTGDNDECYDRQECVATEKGRTYQVCCCEGNFCNERFTHLPEPG
55,27,1,1.0768156556861195,0.6579680442810059,0.45020776987075806,8.218665480613708,6.850663661956787,LGLDCDEHSSESRCCRYPLTVDFEAFGWDWIIAPKRYKANYCSGQCEYMFMQKYPHTHLVQQANPRGSAGPCCTPTKMSPINMLYFNDKQQIIYGKIPGMVVDRCGCS/TRECIYYNANWELERTNQSGLERCEGEQDKRLHCFRLAKIENGVTTVLYSGCTTDTDECYDRQECVFTEKGSKIGVCCCEGNFCNERFTHLPEPG
56,28,0,1.0483780537442449,0.6988935470581055,0.46690481901168823,7.864828050136566,7.401192665100098,LGLDCDEHSSESRCCRYPLTVDFEAFGWDWIIAPKRYKANYCSGQCEYMFMQKYPHTHLVQQANPRGSAGPCCTPTKMSPINMLYFNDKQQIIYGKIPGMVVDRCGCS/TRECIYYNANWELERTNQSGLERCEGEQDKRLHCIRLVKYENGTWTVLYSGCAEDVDECYDRQECVFTEKGREYRSCCCEGNFCNERFTHLPEPG
57,28,1,1.0334947794265752,0.6891308128833771,0.500954270362854,7.771794140338898,10.501909255981445,LGLDCDEHSSESRCCRYPLTVDFEAFGWDWIIAPKRYKANYCSGQCEYMFMQKYPHTHLVQQANPRGSAGPCCTPTKMSPINMLYFNDKQQIIYGKIPGMVVDRCGCS/TRECIYYNANWELERTNQSGLERCEGEQDKRLHCLVLAKLENGTWTILYSGCAEDMDECYDRQECVFTEKGRKYRACCCEGNFCNERFTHLPEPG
58,29,0,1.120389769948633,0.7161562740802765,0.47946012020111084,7.536149963736534,2.8705079555511475,LGLDCDEHSSESRCCRYPLTVDFEAFGWDWIIAPKRYKANYCSGQCEYMFMQKYPHTHLVQQANPRGSAGPCCTPTKMSPINMLYFNDKQQIIYGKIPGMVVDRCGCS/TRECIYYNANWELERTNQSGLERCEGEQDKRLHCYVAARIKNGETTILYRGCTGDNDDCYDRQECVATEKGAEILTCCCEGNFCNERFTHLPEPG
59,29,1,1.1097487893855134,0.7383939027786255,0.5715718865394592,7.869589686393738,14.498605728149414,LGLDCDEHSSESRCCRYPLTVDFEAFGWDWIIAPKRYKANYCSGQCEYMFMQKYPHTHLVQQANPRGSAGPCCTPTKMSPINMLYFNDKQQIIYGKIPGMVVDRCGCS/TRECIYYNANWELERTNQSGLERCEGEQDKRLHCLRAAEIKDGKTTILYQGCTGDNLECYDRQECVSTEKGAKIKSCCCEGNFCNERFTHLPEPG
60,30,0,1.1028559101679245,0.7655071765184402,0.6366795301437378,7.6669730097055435,2.3897955417633057,LGLDCDEHSSESRCCRYPLTVDFEAFGWDWIIAPKRYKANYCSGQCEYMFMQKYPHTHLVQQANPRGSAGPCCTPTKMSPINMLYFNDKQQIIYGKIPGMVVDRCGCS/TRECIYYNANWELERTNQSGLERCEGEQDKRLHCIRLSKLENGKVTILYSGCSEDIDECYDRQECVDTSKGSKYRFCCCEGNFCNERFTHLPEPG
61,30,1,1.1307651991095422,0.6693176031112671,0.47615742683410645,8.634442061185837,8.951858520507812,LGLDCDEHSSESRCCRYPLTVDFEAFGWDWIIAPKRYKANYCSGQCEYMFMQKYPHTHLVQQANPRGSAGPCCTPTKMSPINMLYFNDKQQIIYGKIPGMVVDRCGCS/TRECIYYNANWELERTNQSGLERCEGEQDKRLHCVLLVRNKNGEWTRLYSGCTTDLDECYDRQECVSTSPGSEYQFCCCEGNFCNERFTHLPEPG
62,31,0,1.1181485505005995,0.7187611758708954,0.4758017659187317,7.651491686701775,4.752749443054199,LGLDCDEHSSESRCCRYPLTVDFEAFGWDWIIAPKRYKANYCSGQCEYMFMQKYPHTHLVQQANPRGSAGPCCTPTKMSPINMLYFNDKQQIIYGKIPGMVVDRCGCS/TRECIYYNANWELERTNQSGLERCEGEQDKRLHCTRLVRYENGKWTDLYSGCTEDNDECYDRQECVSTEKGSKYQFCCCEGNFCNERFTHLPEPG
63,31,1,1.1532802313242092,0.6970853805541992,0.45906150341033936,7.942247599363327,6.962356090545654,LGLDCDEHSSESRCCRYPLTVDFEAFGWDWIIAPKRYKANYCSGQCEYMFMQKYPHTHLVQQANPRGSAGPCCTPTKMSPINMLYFNDKQQIIYGKIPGMVVDRCGCS/TRECIYYNANWELERTNQSGLERCEGEQDKRLHCYRLVKYENGVWTDVYSGCTTDNDDCYDRQECVSTEKGSKYQYCCCEGNFCNERFTHLPEPG
